{"_type":"export","__export_format":4,"__export_date":"2020-04-08T09:37:52.526Z","__export_source":"insomnia.desktop.app:v7.1.1","resources":[{"_id":"req_71c5573151cc40cabdc83c03e3d6e894","authentication":{},"body":{"mimeType":"application/json","text":"{\n\t\"username\": \"usr\",\n\t\"password\": \"pass\"\n}"},"created":1586337458604,"description":"","headers":[{"id":"pair_4365f0bed55d4a51b797146f5d9ac1f7","name":"Content-Type","value":"application/json"}],"isPrivate":false,"metaSortKey":-1586337729775,"method":"POST","modified":1586338598348,"name":"Create account","parameters":[],"parentId":"wrk_6f9d3948473f4442a758ad0b2c50a2ae","settingDisableRenderRequestBody":false,"settingEncodeUrl":true,"settingFollowRedirects":"global","settingRebuildPath":true,"settingSendCookies":true,"settingStoreCookies":true,"url":"{{ protocol  }}://{{ host  }}:{{ port  }}/account","_type":"request"},{"_id":"wrk_6f9d3948473f4442a758ad0b2c50a2ae","created":1586337389746,"description":"","modified":1586337389746,"name":"spring-boot-2-and-oauth2","parentId":null,"_type":"workspace"},{"_id":"req_394deb71f9144c339f016b9d4d0ac700","authentication":{"disabled":false,"password":"","type":"basic","username":"Stargate"},"body":{"mimeType":"application/x-www-form-urlencoded","params":[{"description":"","id":"pair_e785546615a94d56a42c14ecdc155dcc","name":"grant_type","value":"password"},{"description":"","id":"pair_e48f7c4391e64e16912cd947ab23f457","name":"username","value":"usr"},{"description":"","id":"pair_277dcb68bb854ff2812c38194c56066e","name":"password","value":"pass"}]},"created":1586337729725,"description":"","headers":[{"id":"pair_140ad21d321c452a91195bf917a58b44","name":"Content-Type","value":"application/x-www-form-urlencoded"}],"isPrivate":false,"metaSortKey":-1586337729725,"method":"POST","modified":1586337818967,"name":"Login","parameters":[],"parentId":"wrk_6f9d3948473f4442a758ad0b2c50a2ae","settingDisableRenderRequestBody":false,"settingEncodeUrl":true,"settingFollowRedirects":"global","settingRebuildPath":true,"settingSendCookies":true,"settingStoreCookies":true,"url":"{{ protocol  }}://{{ host  }}:{{ port  }}/oauth/token","_type":"request"},{"_id":"req_8d27f9e80ca54e88a29fe1c0a4bd72b7","authentication":{"token":"74ad6784-0acc-4d00-97bd-b188a29dc47d","type":"bearer"},"body":{},"created":1586338489344,"description":"","headers":[],"isPrivate":false,"metaSortKey":-1586337695835,"method":"POST","modified":1586338600465,"name":"Logout","parameters":[],"parentId":"wrk_6f9d3948473f4442a758ad0b2c50a2ae","settingDisableRenderRequestBody":false,"settingEncodeUrl":true,"settingFollowRedirects":"global","settingRebuildPath":true,"settingSendCookies":true,"settingStoreCookies":true,"url":"{{ protocol  }}://{{ host  }}:{{ port  }}/oauth/logout","_type":"request"},{"_id":"req_d9c3f0880cab4becb29d36c26273e511","authentication":{"disabled":false,"password":"","type":"basic","username":"Stargate"},"body":{},"created":1586338552275,"description":"","headers":[],"isPrivate":false,"metaSortKey":-1586337661945,"method":"GET","modified":1586338635744,"name":"Check token","parameters":[{"description":"","id":"pair_e575fe2559284a6b97f22b90e37f8ddb","name":"token","value":"5919d836-59ab-4ff9-8fae-d952b6d89154"}],"parentId":"wrk_6f9d3948473f4442a758ad0b2c50a2ae","settingDisableRenderRequestBody":false,"settingEncodeUrl":true,"settingFollowRedirects":"global","settingRebuildPath":true,"settingSendCookies":true,"settingStoreCookies":true,"url":"{{ protocol  }}://{{ host  }}:{{ port  }}/oauth/check_token","_type":"request"},{"_id":"env_455d859aeea1f0ee6333994c3a2d6c0e0d4506dd","color":null,"created":1586337389791,"data":{"host":"localhost","port":8080,"protocol":"http"},"dataPropertyOrder":{"&":["protocol","host","port"]},"isPrivate":false,"metaSortKey":1586337389791,"modified":1586337426104,"name":"Base Environment","parentId":"wrk_6f9d3948473f4442a758ad0b2c50a2ae","_type":"environment"},{"_id":"jar_455d859aeea1f0ee6333994c3a2d6c0e0d4506dd","cookies":[],"created":1586337389795,"modified":1586337389795,"name":"Default Jar","parentId":"wrk_6f9d3948473f4442a758ad0b2c50a2ae","_type":"cookie_jar"}]}